,text,is_humor,target_1,humor_rating,target_2,humor_controversy,target_3,offense_rating,target_4
0,"Just woke up to horrific news. Worst mass shooting in U.S. history. Thoughts and prayers, Las Vegas. üòîüôèüèºüíî",0,0.0,0.0,0.0,1,0.0,0.0,0.0
1,"Sometimes, even when we find the answer we've been looking for, we're still left with a whole hell of a lot of questions.",0,0.0,0.0,0.0,1,0.0,0.0,0.0
2,What sex position produces the ugliest children? Ask your mother.,1,1.0,0.381587,2.25,0,0.0,2.8050525,1.7
3,"How do you make a big apple crumble? First, you'll need two planes... Happy 9/11 people.",1,1.0,0.24799189,1.75,0,0.0,0.0,4.2
4,"I hate black girls who work at McDonalds, they take your order with an attitude like you're the reason they've never met their dad.",1,1.0,0.39328283,1.06,0,0.0,2.9324925,4.3
5,"What do sprinters eat before a race? Nothing, they fast. corny",1,1.0,0.2553411,2.0,0,1.0,0.0,0.0
6,What do you call one white guy surrounded by 10 black guys? Coach. What do you call one white guy surrounded by 100 black guys? Warden.,1,1.0,0.38314778,2.6,0,1.0,2.576282,3.6
7,Great news: scientists have bred a turkey that tastes exactly like tofurkey.,1,1.0,0.27934703,1.67,0,0.0,0.0,0.0
8,My penis was in a world record book once...until the librarian told me to take it out,1,1.0,0.35655817,2.7,0,0.0,1.0480425,0.75
9,This year I'm giving out a Halloween treat every child loves: some stern advice.,1,1.0,0.2553894,1.94,0,1.0,0.0,0.05
10,Sunflower Seeds r anti-aging. they help stave off wrinkles and improve skin elasticity. Eat a handful every day young anti age health,0,0.0,0.0,0.0,1,0.0,0.0,0.0
11,Happy Birthday!,0,0.0,0.0,0.0,1,0.0,0.0,0.0
12,What concert ticket costs 45 cents? 50 Cent featuring Nickelback,1,1.0,0.31094447,2.7,0,1.0,0.33843383,0.0
13,I trapped a couple of vegans in my basement. At least I think they're vegan. They keep shouting 'lettuce leaf!',1,1.0,0.3464469,2.75,0,1.0,0.23321861,0.5
14,"I love my job working as an ambulance paramedic. I get to read some pretty funny, half-finished text messages...",1,1.0,0.32239375,2.27,0,0.0,0.04208936,0.95
15,"""Every morning when you wake up you have to choice. Between ceasing what life offers in moment and forging ahead no matter the weather.""",0,0.0,0.0,0.0,1,0.0,0.0,0.0
16,"""Have faith in your dreams and someday your rainbow will come smiling through."" - Cinderella",0,0.0,0.0,0.0,1,0.0,0.0,0.0
17,Tuna helps decrease dry eye syndrome & reduce risk of age-related eye diseases. it helps reduce symptoms of depression & ADHD tuna health,0,0.0,0.0,0.0,1,0.0,0.0,0.0
18,When in fact this is a condition doctors are calling ‚ÄúChromatica sickness‚Äù.,1,0.0,0.094185464,0.0,1,0.0,0.114154704,0.15
19,"I told my neighbour Mohammed that I found a large arachnid in my bath. ""What's that?"" he said... ""It's a big white thing we wash our bodies in."" I said.",1,1.0,0.3758894,1.6,0,1.0,2.4684641,1.95
20,"""Of course he's gonna push you away.. Because he hates being vulnerable. But that's when he's gonna need you to stick with him the most.""",0,0.0,0.0,0.0,1,0.0,0.0,0.0
21,"I'm trying to introduce my wife to my Scooby Doo sex fantasy. I think it's working, she said we should split up. She went to her parents house and I'm looking for clues in the garden.",1,1.0,0.35246614,2.25,0,1.0,0.31485456,0.35
22,"""It's not about what you look like, or how successful you are. It's about having people in your life that you love and who love you.""",0,0.0,0.0,0.0,1,0.0,0.0,0.0
23,Accidently said hello to a vegan feminist this morning. My trial starts on Monday.,1,1.0,0.3916562,2.15,0,0.0,1.8475155,1.65
24,There's no reason to be tailgating me when I'm doing 50 in a 35...and those flashing lights on your car look stupid.,1,1.0,0.34574714,3.06,0,1.0,0.37914073,0.15
25," Paddy's wife was ready to give birth so he rushes her to hospital.On arrival the nurse asks ""How dilated is she?""To which paddy relies,""Oh Jaysus we""re both over the fucking moon!!",1,1.0,0.36516526,2.25,0,1.0,1.0008894,0.15
26,"I'm getting a little tired of these people coming to my door telling me I need to be ""saved"" or ""I'll burn""... Stupid firefighters.",1,1.0,0.32549748,3.05,0,0.0,0.29473802,0.65
27,My wife hates it when our next door neighbor sunbathes topless in her yard. Personally I'm on the fence.,1,1.0,0.37076476,3.05,0,1.0,1.0648673,0.4
28,How are babies different from feminists? Babies grow up and stop crying.,1,1.0,0.3645428,2.68,0,1.0,2.8275068,2.6
29,What do you call an iguana that thinks it's a dog? A reptile dysfunction.,1,1.0,0.2663613,3.3,0,1.0,0.0,0.1
30,"How are you guys surviving the hiatus?! Also, what are your expectations for season 10?",0,0.0,0.0,0.0,1,0.0,0.0,0.0
31,"The biggest surprise in the upcoming 'Han Solo' prequel is that he was born Henry Solowitz in Parsippany, NJ.",0,1.0,0.0,2.36,1,1.0,0.0,0.05
32,Ya Gay Aunties return Wednesday Jan 8! Pullin no punches and lovin on the chillren like never before in 2020!! ya gay aunties is a weekly podcast about queer adulting,0,0.0,0.0,0.0,1,0.0,0.0,1.25
33,Do you think friendship breakups tend to be much hard to deal with than romantic ones? Auntie Red Tweet Tea,0,0.0,0.0,0.0,1,0.0,0.0,0.15
34,[Doctor looking at my x-rays] Doctor: This is exactly what I was afraid of Me: What? Doctor: Skeletons,1,1.0,0.22881904,2.47,0,1.0,0.0,0.0
35,What did the cannibal choose as his last meal? Five guys.,1,1.0,0.34249672,2.1,0,1.0,1.0378304,0.0
36,Yogurt is the wonder food and an excellent detox food that helps the liver to rid the body of toxins. detox,0,0.0,0.0,0.0,1,0.0,0.0,0.0
37,"If you‚Äôre ‚Äúnot into politics‚Äù, then you are complicit in our country‚Äôs horrors.",0,0.0,0.0,0.0,1,0.0,0.0,0.2
38,"The word ""photography"" comes from two Greek words that mean ""writing with light.""",0,0.0,0.0,0.0,1,0.0,0.0,0.0
39,Love doesn't hurt. Loving the wrong person does,0,0.0,0.0,0.0,1,0.0,0.0,0.0
40,"In life we make lots of choices, but mental illness is not a choice. Someone who may look happy on the outside may be suffering on the inside. If you are affected by mental health please don't be ashamed to talk to someone about it. Don't suffer alone. World Mental Health Day",0,0.0,0.0,0.0,1,0.0,0.0,0.0
41,Is that mine? I was walking down the street when I saw black guy with a laptop. Is that mine? I thought. It looks exactly like mine... but that can't be... Mine should be at home cleaning my shoes.,1,1.0,0.37695518,1.6,0,0.0,1.9781815,3.85
42,Seriously! Go watch The Smalls World Show!,0,0.0,0.0,0.0,1,0.0,0.0,0.0
43,"The best gift a man can give to his woman is his time, attention, and love.",0,0.0,0.0,0.0,1,0.0,0.0,0.0
44,"Where is the lift? American: You mean the elevator? English: Yes, we call it a lift. American: It's called an elevator. We invented it. English: And we invented the language.",1,1.0,0.25598282,2.47,0,0.0,0.039662167,0.2
45,"A man who has no right arm and no right leg falls off his wheelchair Thankfully, a woman passing by noticed him and approached him, offering some help. ""Are you alright?"" ""No, I'm not. I'm all left.""",1,1.0,0.31454906,2.15,0,0.0,0.8030071,1.6
46,We must be willing to let go of the life we planned so as to have the life that is waiting for us.,0,0.0,0.0,0.0,1,0.0,0.0,0.0
47,You can't sneeze while you're asleep.,1,0.0,0.2208619,0.0,0,0.0,0.0,0.0
48,"My wife had to buy some new bras, so I guess we'll be remortgaging our house again.",1,1.0,0.3597779,2.16,0,1.0,0.64024925,0.5
49,What is the prettiest thing about a DC girl? Her resume.,1,1.0,0.3487963,1.11,0,0.0,0.955313,0.85
50,"I like to imagine that the guy who invented the umbrella was going to call it the brella, but he hesitated.",1,1.0,0.29868418,3.15,0,1.0,0.0,0.0
51,Male mice that eat yogurt have larger testicles.,0,0.0,0.0,0.0,1,0.0,0.0,0.2
52,"When checking out at the grocery store, I always pick the cashier who's most likely to have sex with me. I always end up at the self check out.",1,1.0,0.3211425,3.05,0,0.0,0.61795855,0.7
53,"""Human skull found in Greece shows Homo Sapiens left Africa almost 160,000 years earlier than thought"" Damn right we did, look at the state of the poor bastards who decided to stay.",1,1.0,0.3387517,2.11,0,1.0,1.4467827,2.7
54,Working on a QNA VLOG rn with ma love! Ask away....,0,0.0,0.0,0.0,1,0.0,0.0,0.15
55,"this valentines day, remember that mark zuckerberg sees every nude you send through facebook messenger with his empty fish eyes",1,1.0,0.32644477,2.05,0,0.0,0.48737583,0.0
56,How do the Chinese select their baby names? They chuck a tin can down the stairs Ping Wong  ching  Pang,1,1.0,0.3393112,2.4,0,1.0,1.6112411,3.8
57,A Japanese man once tried to fake his own death. His family didn't bereave him.,1,1.0,0.37980837,1.79,0,0.0,1.9109215,2.25
58,[First day as a waiter] Me: Sir how would you like your steak? Customer: Well done. Me: Thanks that means a lot. I was terribly nervous earlier.,1,1.0,0.22185399,2.65,0,1.0,0.0,0.0
59,"A man inserted an advertisement in the classifieds ""Wife Wanted"". The next day, he received 1000 of replies, all reading: ""You can have mine."" Free delivery also available at your door step",1,1.0,0.28721485,2.5,0,1.0,0.4748372,1.1
60,"""Even though I've tried, spaces between us, hold all our secrets, leaving us speechless.' - Spaces.",0,0.0,0.0,0.0,1,0.0,0.0,0.0
61,What's the most Jewish instrument? The Sachs,1,1.0,0.33330873,1.6,0,0.0,1.8986236,1.9
62,"If you're frustrated with dating because you have to do all the work and the girl doesn't, then dating, relationships and success in general is not for you. Not yet anyway. If you're complaining about the challenges of life, you're not ready.",0,0.0,0.0,0.0,1,0.0,0.0,0.4
63,Caffeine is the most commonly used psychoactive drug in the world.,0,0.0,0.0,0.0,1,0.0,0.0,0.0
64,Whenever we go out I always buy my wife two drinks. One for each face.,1,1.0,0.3495927,1.5,0,0.0,0.5460728,1.5
65,Why do Scotsmen wear kilts. Cause a sheep can hear a zipper a mile away.,1,1.0,0.38190636,2.53,0,1.0,1.2590011,1.2
66,"Bumblebees have parasitic ""doppelgangers"" called cuckoo bumblebees. They look enough alike that they're able to sneak into a nest, kill the queen, and trick the workers into feeding their offspring. Eventually, they take over the whole nest then move to another target.",0,0.0,0.0,0.0,1,0.0,0.0,0.0
67,Last night I reached for my liquid Viagra and accidentally swigged from a bottle of Liquid Paper. I woke this morning with a huge correction.,1,1.0,0.3020942,2.8,0,0.0,0.17397195,0.45
68,I was pulled over last night and the officer asked me if I had a police record. I told him 'no but I have a couple albums by Sting.',1,1.0,0.2907172,2.8,0,0.0,0.0,0.1
69,ME: I'm such an original. Truly one of a kind. ALSO ME: [holding a glass of white wine] I love to laugh.,1,1.0,0.25133097,1.79,0,1.0,0.0,0.0
70,"Out of the nearly 200 countries in the world, only 22 of them have never experienced a British invasion.",1,0.0,0.0,0.0,1,0.0,0.14933945,0.35
71,I'm tryna watch this Loma Linares FIGHT TONIGHT! Somebody invite me to their casa! I'll bring some chelas,0,0.0,0.0,0.0,1,0.0,0.0,0.0
72,You think you know things and nothing else matters. People do matter. I matter. We matter. So you don't get to toss me aside. I won't let you.,0,0.0,0.0,0.0,1,0.0,0.0,0.0
73,My girlfriends period is on my birthday. Why does she always have to be so anal about everything?,1,1.0,0.3672615,2.33,0,0.0,0.9424304,1.25
74,Envy is the burning desire to have everybody else become as pathetic as you,1,1.0,0.31411466,2.0,0,0.0,0.3115538,0.25
75,"Two deer walk out of a gay bar... One of them turns to the other and says ""I can't believe I blew thirty bucks in there""",1,1.0,0.38456082,2.75,0,1.0,1.8255047,1.15
76,Reminds me of scene from Jaws.... LOL,1,1.0,0.2474241,0.6,0,0.0,0.61287725,0.0
77,"""Allahu Akbar"" actually has two meanings. The first meaning is.... 'God is Great' And the second meaning is.... ""Run like fuck""",1,1.0,0.3423849,1.7,0,1.0,2.2292743,2.75
78,"My Dad: I agree with Occam, the simplest explanation is usually the correct one Also My Dad: Apple changed my password again",1,1.0,0.2817888,1.56,0,0.0,0.0,0.15
79,I was so nervous when airport security started frisking me that I lifted my arms and accidentally started doing jumping jacks,1,1.0,0.27777225,2.18,0,1.0,0.012556794,0.0
80,ME AT 21: I wish I had enough money to change the world. ME AT 31: I wish I had enough money to change my Brita filter.,1,1.0,0.2847266,2.8,0,1.0,0.0,0.0
81,Did you hear about the limo driver who was in business for 25 years without a single customer? All that time and nothing to chauffeur it.,1,1.0,0.31416178,2.7,0,0.0,0.28423014,0.0
82,"Personally, I don't agree with cannabis being legalised in America. The last thing those fat fuckers need is the munchies.",1,1.0,0.40602347,2.12,0,1.0,2.3856418,2.1
83,"When you're little, night time is scary because there are monsters hiding right under the bed....",1,0.0,0.3068609,0.0,0,0.0,0.11316048,0.2
84,My least-favorite comeback of all time: measles.,1,1.0,0.2776393,2.0,0,1.0,0.03257824,0.35
85,"""I don't care what they say. I'm in love with you"" - Leona Lewis.",0,0.0,0.0,0.0,1,0.0,0.0,0.0
86,It's too easy to read about politics these days. I miss the days where you had to decide if reading about it was worth the trip up to the roof to retrieve your newspaper.,1,1.0,0.29533446,1.79,0,1.0,0.0,0.1
87,Got a new job at the guillotine factory. I'll beheading there shortly.,1,1.0,0.32110327,3.6,0,1.0,0.38267168,0.25
88,Thank You to our brave military men and women! Always Remember Sept 11 USA,0,0.0,0.0,0.0,1,0.0,0.0,0.0
89,[job interview] Boss: Your resume says you're a perfectionist Me: Yep! Boss: Except you spelled perfectionist wrong Me: I'm sure it was a one off Boss: You had 15 other typos Me: I'm a perfectionist other than that Boss: You're wearing your shoes on the wrong feet Me: Hmm,1,1.0,0.21405017,2.2,0,1.0,0.0,0.0
90,Why don't cannibals eat clowns? Because they taste funny.,1,1.0,0.34647074,2.6,0,0.0,0.7702632,0.0
91,If it hurts when you piss. Urine trouble.,1,1.0,0.24050453,2.5,0,0.0,0.0,0.0
92,Why do North Koreans draw lines so well? They have a Supreme Ruler.,1,1.0,0.34918576,3.05,0,1.0,1.5704887,0.9
93,"Reindeer are the only mammals that can see ultraviolet light. It helps them see things in the glowing white of the Arctic that they would otherwise miss, like white fur, and urine.",0,0.0,0.0,0.0,1,0.0,0.0,0.0
94,when she says that she's bored it means she wants you to come up with a way to spend time with her,0,0.0,0.0,0.0,1,0.0,0.0,0.1
95,"On an island vacation with my family. If I get attacked by a shark, don't blame him - the chum Speedo was my idea.",1,1.0,0.35147548,1.75,0,0.0,0.5863115,0.0
96,"Despite having no brains, jellyfish still need to sleep. Sometimes they even struggle to wake up.",0,0.0,0.0,0.0,1,0.0,0.0,0.0
97,Did you know that Iceland is only one sea away from Ireland?,1,1.0,0.020530166,2.5,1,0.0,0.0,0.0
98,"My kid wanted to get a pet spider from the pet store, but they are really expensive. I can get a really cheap one off the web.",1,1.0,0.31058568,3.05,0,0.0,0.20490947,0.0
99,"In an effort to be sexier for my wife, I figured I'd pluck 60% of my chest hair... 3 of the 5.",1,1.0,0.34369305,1.8,0,1.0,0.22248578,0.0
100,Sweat contains small amounts of antibiotics that can combat some bacteria found naturally on the skin skin sweat,0,0.0,0.0,0.0,1,0.0,0.0,0.0
101,I find sex is just like peeling a potato really. There's usually a knife in my hand.,1,1.0,0.3563478,1.85,0,1.0,0.46605492,1.8
102,"To go out with a girl that you only see for a few minutes at a time, flirt with her and get her to want to come back and stick around longer",0,0.0,0.0,0.0,1,0.0,0.0,0.15
103,Roll call! Boxx? Brian? Chalupny? Engen? Harris? Good to have you...,0,0.0,0.0,0.0,1,0.0,0.0,0.0
104,How much hummus did the anorexic Arab eat? A tahini bit!,1,1.0,0.40035263,1.84,0,0.0,1.9648224,2.65
105,"""This time it's over over"" ""I can't believe you're doing this over walkie-talkies over""",1,1.0,0.25388908,2.6,0,1.0,0.0,0.0
106,"When my wife is mad at me for something stupid I did in one of her dreams, I always ask her how she responded to in the dream to seem like I'm interested and to find out if it's something I could get away with it in real life.",1,1.0,0.27866092,1.93,0,0.0,0.0,0.1
107,I misplaced Dwayne Johnson's cutting tool for the origami workshop... I can't believe I lost the Rock's Paper Scissors.,1,1.0,0.28387198,2.95,0,1.0,0.0,0.0
108,me: [sadly] just leave the bottle there bartender: [setting down the apple juice] ok,1,1.0,0.2531258,2.74,0,1.0,0.0,0.0
109,"""And most of all, books. They were, in and of themselves, reasons to stay alive. Every book written is the product of a human mind in a particular state. Add all the books together and you get the end sum of humanity."" ‚ÄîMatt Haig, Reasons to Stay Alive Books Connect Us",0,0.0,0.0,0.0,1,0.0,0.0,0.0
110,"Who needs a phone to distract you from reality, when you have plenty of imaginary arguments in your head to keep you busy.",1,1.0,0.24973729,2.28,0,0.0,0.0,0.0
111,"Have to remember my stocked fridge is to last my family for weeks, not a challenge for me to finish all in one day üôÑ",1,1.0,0.050940096,2.35,1,0.0,0.0,0.0
112,"I was recently burgled. They took my life preserver, my AED and my portable oxygen tank. It was my entire life savings.",1,1.0,0.32377464,2.06,0,1.0,0.3073447,0.15
113,"ME: Look, I don't want to kill you, I'll open this window so you can fly out. BUG: [smashing into wall several times] Like this? ME: No. BUG: [Circling open window, then smashing into roof several times] Ah. I see. Like this. ME: N- BUG: [flying in my open mouth] Got it.",1,1.0,0.23414469,1.55,0,1.0,0.0,0.0
114,The construction of the Hubble Space Telescope's mirrors required such precision that they could only be tested at night to avoid vibrations from cars driving on the freeway.,0,0.0,0.0,0.0,1,0.0,0.0,0.0
115,"My ex-girlfriend just told me she wants us to get back together again. MAN! I sure am LUCKY! I mean, first I win the lottery and now THIS!",1,1.0,0.26479837,2.61,0,0.0,0.045512106,0.1
116,"How many Mexicans does it take to pave a driveway? Six, if you slice them thin enough.",1,1.0,0.3681055,1.63,0,0.0,2.368421,2.9
117,Every expert was at one time a beginner,0,0.0,0.0,0.0,1,0.0,0.0,0.0
118,"I've never participated in a ""fun run"" but I did sprint across the house when the pizza delivery guy arrived, and that was pretty enjoyable.",1,1.0,0.2767331,2.58,0,0.0,0.0,0.0
119,"After my accident, I woke up in hospital with a sexy nurse standing over me. She said, 'You may not feel anything from the waist down.' 'Fair enough' I replied, and felt her breasts.",1,1.0,0.3783826,2.9,0,1.0,0.8451193,1.25
120,Vaseline is a favorite product for growing eyebrows. Apply twice a day on your eyebrows eyebrows vas line,0,0.0,0.0,0.0,1,0.0,0.0,0.0
121,When I found out my toaster wasn't waterproof.... I was shocked.,1,1.0,0.26625142,2.4,0,0.0,0.0,0.3
122,"[Driving] My wife: Hey, you missed a right. Me: Thanks babe. You Mrs Right.",1,1.0,0.27418396,1.84,0,1.0,0.0,0.0
123,"Today my son asked, ""Can you lend me a book mark?"" I immediately burst into tears. 12 years old and he doesn't know my name is Brian",1,1.0,0.29992795,2.95,0,1.0,0.0,0.0
124,genie: you sure? most people would end world hunger or something me: [going in for my 3rd hug] i'm sure,1,1.0,0.2527154,1.83,0,1.0,0.0,0.0
125,"Hippies got their name from 'hipsters.' Who were marijuana smoking, sarcastic, jazz fans in the 1940s.",1,0.0,0.19150926,0.0,1,0.0,0.12988536,0.15
126,Where is the worst place to hide in a hospital? In the ICU,1,1.0,0.34021896,2.8,0,0.0,0.85278577,0.3
127,Envy is the consuming desire to have everybody else as unsuccessful as you are,0,0.0,0.0,0.0,1,0.0,0.0,0.15
128,What do a viola and a lawsuit have in common? Everyone is happy when the case is closed.,1,1.0,0.32888547,2.0,0,1.0,0.13147154,0.15
129,Did you know that there are no canaries in the Canary Islands? And the same thing applies to the Virgin Islands; There are no canaries there either.,1,1.0,0.31081697,3.12,0,1.0,0.3095691,0.0
130,"If you leave a baby in a car in summer, with no water or ventilation, it could be dead in fifteen minutes. Leave the heater on as well, wait another thirty minutes and the meat just falls off the bone.",1,1.0,0.29060915,1.95,0,1.0,0.34560674,3.7
131,The Constitution of Mexico was the first document in history to say that every person has the right to an education.,0,0.0,0.0,0.0,1,0.0,0.0,0.0
132,"Check on your tribe. Speak love over your people. Forgive. Celebrate each other. Check on your people's health - mental and physical. With sincerity and genuine concern, ask them how they are feeling and if you can support them in their healing journey. Wakanda Forever",0,0.0,0.0,0.0,1,0.0,0.0,0.0
133,"When single ladies get to the age of 50, they tend to get lots of cats. This phenomenon is known as many paws.",1,1.0,0.35571855,2.26,0,1.0,0.96533483,0.5
134,"There was a streaker at the first football game my dad ever took me to. It scarred me for life, mostly because the streaker was my dad.",1,1.0,0.34862444,2.67,0,0.0,0.9881825,0.1
135,"""Humiliation makes you shorter. So yeah, I am scared of getting hurt, 'cause one more personal disaster now, would cut me off at the knees.""",0,1.0,0.0,2.12,1,0.0,0.0,0.1
136,"What's the process for applying to a job at Hooters? They just give you a bra and say ""Here, fill this out.""",1,1.0,0.3891548,2.35,0,0.0,2.0918806,1.3
137,EP 63 we discuss finding the courage to go to therapy. Being accessible as a therapist. Navigating family and coming out. Exit strategies for unsafe family situations. Using the five senses to boost healing. The importance of presenting authentically and thoughts on Robyn/Whitney.,0,0.0,0.0,0.0,1,0.0,0.0,0.0
138,Only about 10% of the world's population is left-handed. Left Handers Day,0,0.0,0.0,0.0,1,0.0,0.0,0.0
139,I‚Äôve forgotten how to tell if pasta is done.,1,0.0,0.21451053,0.0,0,0.0,0.0,0.0
140,What do you call it when a person has a fear of Vietnamese food? They have a Pho-bia!,1,1.0,0.3601205,2.4,0,0.0,1.6082916,1.15
141,"""You used to have my trust without trust there ain't no us."" - Rihanna",0,0.0,0.0,0.0,1,0.0,0.0,0.0
142,"Me: I cheated on you Wife: You had an affair with another woman? Me: No, I watched an episode of our TV show without you Wife: That's even worse",1,1.0,0.25628987,2.75,0,1.0,0.0,0.05
143,I hold the door open for people because I'm courteous and also because I like to make them walk faster.,1,1.0,0.27858037,2.68,0,1.0,0.0,0.0
144,Special thanks to those audience members for letting us spray them with purple goo. Y'all are heroes. 200thEpisode,0,0.0,0.0,0.0,1,0.0,0.0,0.1
145,"Be proud of who you are, have gratitude for who you used to be and embrace who you're becoming. This is your journey to learn and grow from.",0,0.0,0.0,0.0,1,0.0,0.0,0.0
146,"This country has become so divided, it might as well be an amoeba. Netflix, where's my comedy special?",1,1.0,0.309629,1.24,0,0.0,0.4854974,0.05
147,"*phones Christian radio station ""Can I request Highway To Hell?""",1,1.0,0.3181298,2.63,0,0.0,0.532898,0.9
148,"Two deer walk out of a gay bar. One of them turns to the other and says ""I can't believe I blew thirty bucks in there""",1,1.0,0.36353475,2.9,0,0.0,1.7244025,1.3
149,What do you do if you find a black mamba in your toilet? Wait until he's finished.,1,1.0,0.37544736,2.55,0,1.0,2.9450724,1.35
150,I saw a Jewish Ghost last night... It was so scary I started to Shiva.,1,1.0,0.39682454,2.1,0,0.0,2.2034543,0.8
151,The 2-4 year old kids sang a Christmas carol in church today. Everyone thought they were cute. But they were off key so I booed them.,1,1.0,0.30744344,1.79,0,0.0,0.28845352,0.35
152,I can't take my dog to the pond anymore because the ducks keep attacking him. Guess that's what I get for having a pure bread dog.,1,1.0,0.27497682,2.5,0,0.0,0.0096688075,0.45
153,What do you call a Jewish Pokemon Trainer? Ash.,1,1.0,0.29395026,1.74,0,0.0,1.1420656,3.25
154,Did you hear a Payless Shoe Source got looted in Ferguson? The only thing left were the work boots. too soon,1,1.0,0.31280875,1.68,0,1.0,1.1768922,3.35
155,What so you call an Asian jew? Jew Lee,1,1.0,0.375607,2.2,0,1.0,2.8355134,3.15
156,"Faking a smile can trick your brain into thinking you're happy, actually boosting your mood.",0,0.0,0.0,0.0,1,0.0,0.0,0.0
157,"I want to watch a chick flick, with my chick, as we eat chick-fil-a on a Sunday",1,1.0,0.25494,1.8,0,1.0,0.0,0.05
158,What's the difference between a Lamborghini and a pile of dead babies? I don't have a Lamborghini in my garage h,1,1.0,0.40565532,1.5,0,0.0,1.6343651,3.1
159,"Tuna is a rich source of Vitamin D, along with other foods such as meat, mushrooms and eggs vitamin D tuna",0,0.0,0.0,0.0,1,0.0,0.0,0.0
160,"If I was a Muslim, I'd want to hide my face too.",1,1.0,0.3497413,1.24,0,0.0,1.6250365,4.0
161,My wife said she'd leave me if I didn't stop eating Pasta. Now I'm feeling cannelloni.,1,1.0,0.31352416,2.05,0,1.0,0.0,0.0
162,"My girlfriend said, ""You act like a detective too much. I want to split up."" ""Good idea,"" I replied. ""We can cover more ground that way.""",1,1.0,0.24207237,3.35,0,0.0,0.0,0.0
163,"Dear Santa -- For 2017, all I want is a SLIM body and a BIG FAT bank account. Please don't mix it up like last year.",1,1.0,0.30495593,2.85,0,1.0,0.20520289,0.1
164,A Woodworm walks into a bar... And asks: 'Is the bar tender here?',1,1.0,0.32700205,2.37,0,0.0,0.5258,0.0
165,Don't forget you can download all these Aha moments on a free Apple podcast. Super Soul Conversations,0,0.0,0.0,0.0,1,0.0,0.0,0.0
166,Who has fistfights in person? Fight online in the comment section like a normal person.,1,1.0,0.35044625,2.79,0,0.0,0.40268198,0.0
167,"You are either building your own legacy, or helping someone else build theirs",0,0.0,0.0,0.0,1,0.0,0.0,0.0
168,"I received a call from the school telling me my son is constantly lying. I said ""Tell him he's a good liar. I don't have a son.""",1,1.0,0.35802278,2.95,0,0.0,0.32567516,0.0
169,My kids think Edvard Munch is the guy who did a painting of the scream emoji.,1,1.0,0.26154056,2.21,0,1.0,0.0,0.15
170,Researchers have discovered that bats address each other as individuals and often get into arguments.,0,0.0,0.0,0.0,1,0.0,0.0,0.0
171,"I have a solution to 99% of the racism, homophobia and gender issues in the world.. Let's just kill all the self righteous liberal leftie woke snowflakes. Then we can rationaly deal with injustice, get on with our lives, and all mind our own fucking business.",1,0.0,0.17305574,0.0,0,0.0,1.1764746,3.65
172,Why are there no black people at the North Pole? Because there is nothing to steal there,1,1.0,0.356714,1.79,0,1.0,2.957673,4.5
173,"I never thought I'd say ""I love you"" to another man, but it just kinda came out when the guy at the drive through window handed me my food.",1,1.0,0.35557732,2.74,0,0.0,0.6039161,0.25
174,"I just tweeted from a desktop computer, just like our ancestors used to",1,1.0,0.28047612,2.06,0,1.0,0.0,0.0
175,honestly it just makes me fat free italian when u tell me salad dressings aren't a good way to describe emotions,1,1.0,0.4026378,1.4,0,0.0,1.7818927,0.3
176,Getting less than the recommended eight hours of sleep a night can make you more susceptible to intrusive and repetitive thoughts; increasing feelings of anxiety and depression.,0,0.0,0.0,0.0,1,0.0,0.0,0.0
177,"Only if family and society were tolerant of gay love, they will know I'm happily dating and greatly in love. But as it stands now, they see me as a bachelor yet to find his bride. Ironically sad.",0,0.0,0.0,0.0,1,0.0,0.49446258,0.2
178,Learning to love yourself is important. Just don't let your wife catch you doing it.,1,1.0,0.33006302,2.53,0,0.0,0.38634315,0.25
179,"Me: Siri, did The Beatles ever use female backup singers in their songs? Siri: You have a lot of free time for a, quote, busy guy.",1,1.0,0.3301539,1.89,0,1.0,0.30191207,0.0
180,What is a Cell? something you keep black people in,1,1.0,0.33506516,1.55,0,0.0,3.276322,4.85
181,"Vit E is a fat soluble anti-oxidant which plays a role in skin integrity. Some foods rich in vit E Sunflower Seeds, almonds, papaya, avocado",0,0.0,0.0,0.0,1,0.0,0.0,0.0
182,"I don't dye my hair because I want to look younger... I do it because my grey hair gives the false impression I have maturity and wisdom, and I don't like lying to people.",1,1.0,0.29358023,2.32,0,1.0,0.0,0.05
183,"My wife left me because ""I am addicted to video games"".. I was so sad I could hardly console myself",1,1.0,0.31850025,3.3,0,1.0,0.0,0.1
184,Let's put a bunch of extra forks out to confuse the stupid people. -fancy restaurants,1,1.0,0.2571806,2.6,1,0.0,0.0,0.65
185,Great candy bar: Charleston Chew. Not as great: Myrtle Beach Masticator.,1,1.0,0.27939323,1.41,0,0.0,0.087329924,0.15
186,"What do you call sliding into home plate, on a green field in Mexico? Muchas Grassy-ass. ",1,1.0,0.31031486,2.16,0,0.0,0.48860252,1.1
187,"A long time ago, I thought of a soda joke. I'd share it with you, but I'm afraid I think it'd fall flat.",1,1.0,0.28449592,2.25,0,0.0,0.0,0.2
188,How long do you think it will take for gays to find out? That a gay marriage is as much an oxymoron as a gay funeral?,1,1.0,0.3920843,1.0,0,0.0,1.9644946,2.55
189,I showed up late to the Kleptomaniacs Anonymous meeting. All the seats were already taken.,1,1.0,0.30532742,2.84,0,1.0,0.37635568,0.05
190,"Take full advantage of your biggest haters, because perhaps they are offering you an insight you never would have seen",0,0.0,0.0,0.0,1,0.0,0.0,0.0
191,The Indian man went to the doctor complaining about stomach pains. He had Hindigestion.,1,1.0,0.37277904,2.25,0,1.0,1.4496521,1.9
192,Sometimes it takes a huge loss to remind you what you care about the most.,0,0.0,0.0,0.0,1,0.0,0.0,0.0
193,Does black Santa come down the chimney and steal all of the children's presents? Of course he fucking does.,1,1.0,0.36855808,2.11,0,1.0,2.4036872,3.6
194,"Change is constant. How we experience change, that's up to us. It can feel like death, or it can feel like a second chance at life.""",0,0.0,0.0,0.0,1,0.0,0.0,0.0
195,"Love is a verb. Without action, it is merely a word.",0,0.0,0.0,0.0,1,0.0,0.0,0.0
196,I wondered why the frisbee was getting bigger... Then it hit me.,1,1.0,0.27881503,3.15,0,0.0,0.0,0.0
197,My Muslim wife left me the other day. I guess she didn't know what Jihad.,1,1.0,0.41767997,2.1,0,1.0,2.1481657,2.35
198,genie: what is your first wish me: i wish i could change anybody's name assbaby: what is your second wish,1,1.0,0.26137608,2.17,0,1.0,0.0,0.4
199,The most unbelievable part about Sesame Street (a show with an 8 foot bird) is that there is only one grouch in the whole neighborhood.,1,1.0,0.253381,2.89,0,0.0,0.0,0.0
200,"""Yes, there are times when I hate you, but I don't complain 'cause I've been afraid that you'd walk away."" - Beyonce.",0,0.0,0.0,0.0,1,0.0,0.0,0.05
201,Being single is a sign that you're strong enough to wait on what you deserve.,0,0.0,0.0,0.0,1,0.0,0.0,0.0
202,"I really enjoyed @JimCarrey's ""memoir."" Like Jim, the book is wildly comic, inventive, subversive, and made primarily of compressed paper pulp.",1,1.0,0.10693533,2.05,1,0.0,0.0,0.35
203,My walk of shame is leaving a handicapped restroom stall while trying not to make eye contact with the wheelchair guy who was waiting on me.,1,1.0,0.37556437,2.53,0,1.0,1.7978497,1.0
204,"To be clear, this post contains only love for her.",0,0.0,0.0,0.0,1,0.0,0.0,0.0
205,"How Do U Kill A Retard? Give him a knife and say ""who's special?""",1,1.0,0.39764354,1.8,0,0.0,2.2494948,3.95
206,"""You were the greatest thing that ever happened to me."" - Mayday Parade.",0,0.0,0.0,0.0,1,0.0,0.0,0.0
207,Pretty cool that my entire personality is stored on a big wet peanut inside my skull.,1,1.0,0.2582525,2.0,0,1.0,0.0,0.0
208,"Toxic masculinity in gay relationships is when one demands that his partner performs ""wifely"" roles in the relationship. It is an inbuilt personality disorder which prioritizes muscles over another thing.",0,0.0,0.0,0.0,1,0.0,0.0,0.3
209,*At a party* STRANGER: Are you that guy who brags about weird shit? ME: No I'm the guy who takes the longest baths in the city.,1,1.0,0.2773365,2.3,0,1.0,0.09080062,0.1
210,"Double standards are the worst. I mean, if a girl sleeps with lots of guys, she's considered a slut. But when a guy does it, he's considered a homosexual.",1,1.0,0.36583164,2.63,0,1.0,2.147398,1.4
211,Black pepper has the ability to diminish amount of gas in the intestinal tract which leads to less flatulence & bloating. health gas,0,0.0,0.0,0.0,1,0.0,0.0,0.0
212,All new episode tonight on ABC 9/8c! RT if you'll be watching!,0,0.0,0.0,0.0,1,0.0,0.0,0.0
213,You do not write your life with words...You write it with actions. What you think is not important. It is only important what you do.,0,0.0,0.0,0.0,1,0.0,0.0,0.15
214,"On average, taller people score higher on intelligence tests than shorter people.",0,0.0,0.0,0.0,1,0.0,0.0,0.25
215,Hello I will be at Sundance this weekend,0,0.0,0.0,0.0,1,0.0,0.0,0.2
216,"What did the French man say when he tripped down the stairs? ""Eiffel."" corny",1,1.0,0.28062463,2.25,0,1.0,0.0,0.2
217,"The benefits of drinking more water include having to go to the bathroom more where you can be on your phone in peace, and that's it.",1,1.0,0.2930885,2.21,0,0.0,0.0,0.1
218,Cop: I'm arresting you for illegally downloading the entire Wikipedia. Man: Wait! I can explain everything.,1,1.0,0.33298063,3.0,0,1.0,0.16742824,0.0
219,"16 Be the shoulder she can cry on, and the person she can rely on. boyfriend tips",0,0.0,0.0,0.0,1,0.0,0.0,0.0
220,If Johnny has $20 and Tyrone takes $16... What color is Tyrone?,1,1.0,0.37808537,1.78,0,0.0,1.9317392,3.15
221,It's now got to the stage in my marriage where me and the wife have gone our separate ways and will be spending a considerable amount of time apart for the indefinite future. She's gone shopping for shoes.,1,1.0,0.29364586,2.74,0,1.0,0.0,0.2
222,"Most people would prefer to have the time off between Christmas and New Year, but I have a better idea. I'd like to have the time off between New Year and Christmas.",1,1.0,0.24697188,2.67,0,0.0,0.0,0.0
223,You wanna hear a dirty joke A horse fell in the mud. And then some crazy lesbian who hates horses put on a strap on and fucked it till it died.,1,1.0,0.4045763,1.5,0,1.0,2.7808409,3.6
224,"Laurel House is a dating coach for celebrities, TV personality and host of ""The Man Whisperer Podcast"". On this previous episode Laurel shared the process of transitioning from small talk to having deeper conversations and creating powerful connections that make her remember you.",0,0.0,0.0,0.0,1,0.0,0.0,0.0
225,When Chromatica II transitions to 911... I‚Äôve never felt more gay and alive!!,1,1.0,0.32024217,0.1,0,0.0,0.95028245,0.45
226,"In the last 18 years, only four civilians have been killed by Norwegian law enforcement.",0,0.0,0.0,0.0,1,0.0,0.0,0.0
227,How does Hitler tie his shoes? In little Nazis.,1,1.0,0.39740705,1.95,0,1.0,1.7630898,1.15
228,Fat people just want to get into your pantries.,1,1.0,0.23840311,2.45,0,0.0,1.1505401,2.2
229,Met gayla.,0,1.0,0.0,1.15,1,0.0,0.0,1.35
230,1-year-old: *shrieks repeatedly* Me: Why is she so loud? Wife: That's how she talks. Apparently she speaks fluent pterodactyl.,1,1.0,0.3000954,2.25,0,1.0,0.0,0.0
231,"Your soul is attracted to people the same way flowers are attracted to the sun, surround yourself only with those who want to see you grow",0,0.0,0.0,0.0,1,0.0,0.0,0.0
232,What does the Jewish Bruce Wayne drive? The Shabbat-Mobile.,1,1.0,0.34751168,1.74,0,0.0,1.0216523,1.35
233,A half hour visit from my 2 toddlers will do more damage to your house than inviting over 35 drunk strangers.,1,1.0,0.28508204,2.65,0,0.0,0.0,0.0
234,Why haven't they installed a mirror on cars that only covers your blind spot?,1,1.0,0.21192749,2.3,0,1.0,0.0,0.2
235,Sometimes men need to spend time alone without any female figure around them.A night with his friends would be the perfect gift for him.,0,0.0,0.0,0.0,1,0.0,0.0,0.25
236,Why do some couples not go to the gym? Some relationships don't work out,1,1.0,0.35150406,2.5,0,0.0,1.3343356,0.05
237,If you Google 'How do I stop receiving Pottery Barn catalogs?' the top result is a page with instructions for faking your own death.,1,1.0,0.33013308,3.26,0,1.0,0.17362134,0.15
238,What has a 10 foot neck four legs and loves money. A Jewraffe,1,1.0,0.37743583,2.15,0,1.0,3.283717,3.5
239,Happy BIrthday Kim!,0,0.0,0.0,0.0,1,0.0,0.028788485,0.0
240,How long did it take you to find your flow in life? Auntie Red Tweet Tea,0,0.0,0.0,0.0,1,0.0,0.0,0.15
241,"""Warranty void if removed"" stickers have been illegal in the U.S. since 1975.",0,0.0,0.0,0.0,1,0.0,0.0,0.0
242,"Hey grandson, what's the name of that german man who makes me go crazy? Alzheimer, grandma, Alzheimer...",1,1.0,0.35673746,2.42,0,0.0,1.0659549,1.25
243,"Two Arabs are on a plane. One orders a bottle of Champagne and asks the other ""do you want some?"". The other replies ""No thanks, I'll have to drive soon"".",1,1.0,0.3747101,1.59,0,0.0,1.5964414,2.6
244,Bill Gates' net worth is nearly five times that of Bruce Wayne and Tony Stark combined.,0,0.0,0.0,0.0,1,0.0,0.0,0.2
245,Me: Are you mad because I said you sound like a bell when you get mad? Her: DING DING DING,1,1.0,0.24172123,1.7,0,0.0,0.0,0.3
246,Here's to Henrik Stenson on his TOUR Championship by Coca-Cola win and being the 2013 Fed Ex Cup Champion!!,0,0.0,0.0,0.0,1,0.0,0.0,0.0
247,We don't give enough credit to the dads who spend their waking hours continually turning off lights and adjusting thermostats. These are the real unsung heroes of fighting climate change and reducing humanity's carbon footprint.,0,1.0,0.0,2.27,1,0.0,0.0,0.0
248,Im excited to have Tubman on the twenty So we can use black people as currency again,1,1.0,0.39000353,1.83,0,0.0,2.423996,3.8
249,What do you call a Mexican Buddhist? Om-bre,1,1.0,0.36977074,1.32,0,0.0,1.816749,0.85
250,"A gypsy girl tells her mum she's pregnant, ""Congratulations"" says her mum... ""Do you know who the father is?""... ""Mum.... if you ate a tin of beans would you know which one made you fart?""",1,1.0,0.35574076,2.4,0,0.0,1.4546891,1.55
251,Nigerian Accent made easy: Happy Birthday = Api Betday XBOX 360 = eggs bugs three sisty McDonald's = Magdonnas Husband = Ozzband Concern = Con Son Order Chinese = Hoda shy knees Google = Gugu Safe Journey = Save Johnny,1,1.0,0.24706529,1.85,0,0.0,0.20653121,2.65
252,"You can make any sentence creepier by adding ""consenting"" to it. ""Just two consenting adults, riding a tandem kayak.""",1,1.0,0.22128423,1.78,0,1.0,0.027082572,0.2
253,"Doctor told me I had six months to live. ""Seriously doc?"" I asked. ""Is there anything I can do?"" ""Move to Kansas and get married,"" he replied. ""It'll be the longest six months of your life.""",1,1.0,0.3193597,2.55,0,1.0,0.36688042,0.25
254,"After 9 season finales, I can tell you this was one of my favorites. Mind blowing. Heart breaking. Tears. Joy. Love.",0,0.0,0.0,0.0,1,0.0,0.0,0.0
255,My first day as a car salesman. Customer: Cargo space? Me: Car no do that. Car no fly. Manager: Can I see you in my office?,1,1.0,0.25212216,2.79,0,1.0,0.0,0.65
256,"A Japanese teenager approaches his father nervously... ""Dad, I have to tell you something. Please don't be upset, but I'm gay."" ""How could I not be upset?! Why not gay plus!?""",1,1.0,0.39454404,1.74,0,1.0,1.8696119,1.6
257,Let your satisfaction with your love life be determined by the goals you set for it. Not by the presence of a certain girl. Keep your power. Never give it away.,0,0.0,0.0,0.0,1,0.0,0.0,0.0
258,"Me: Hey buddy, do you want to go to the potty? Toddler: NO! I hate the bathroom and NEVER want to go in there! (5 mins later, I'm in the bathroom on the toilet) Toddler (pounding on bathroom door): LET ME IN!!!",1,1.0,0.215379,2.94,0,1.0,0.0,0.1
259,[at the chiropractor] Chiropractor: What needs adjusting? Me: My whole life. I'm hoping you can take care of it by breaking my neck like they do in the movies?? Chiropractor: ...,1,1.0,0.30719405,1.94,0,1.0,0.13197951,0.3
260,I've heard seven cancer jokes today. If I hear tumor it's gonna benign.,1,1.0,0.32232043,2.47,0,0.0,0.6648019,0.8
261,Good day. If you are reading this do know it's a gift to be alive. These are pressing times but you gotta get up and try. Don't panic.,0,0.0,0.0,0.0,1,0.0,0.0,0.0
262,What does a feminist use as a contraceptive? Her personality,1,1.0,0.4058669,2.65,0,1.0,3.1305852,3.4
263,"A pirate went to see the doctor about the moles on his back. ""I wouldn't worry about it,"" said the doctor, ""They're benign."" ""Count 'em again doc,"" said the pirate, ""You'll find there be ten.""",1,1.0,0.29499233,3.2,0,1.0,0.31317523,0.05
264,Went out for a jog today Thought I heard someone clapping for me. Turns out it was just my fat thighs.,1,1.0,0.32506734,2.35,0,1.0,0.3399154,0.95
265,How do Christians eat their icecream? They Catholick it.,1,1.0,0.35683623,1.35,0,0.0,0.9913889,1.55
266,Got that experimental throat surgery that lets me sing barbershop quartets without having to make 3 friends.,1,1.0,0.26674077,2.21,0,1.0,0.0,0.05
267,"Thinking about the value of property gave him the idea of a game where players managed the life of a suburban household. ""The Sims"" is one of the best-selling video game series of all time.",0,0.0,0.0,0.0,1,0.0,0.0,0.0
268,"I dropped my knife and cut off a toe. At the hospital, the surgeon mistook a piece of candy for my toe. I now have a Tic-Tac toe.",1,1.0,0.2973737,2.55,0,1.0,0.08165354,0.0
269,Black ice is just like regular ice... Except it's a better dancer...,1,1.0,0.33539543,1.7,0,0.0,1.0205798,1.5
270,"""But every time I tell her that I want more, she closes the door.' - She's Not Afraid.",0,0.0,0.0,0.0,1,0.0,0.0,0.15
271,Smoke from wildfires can cause the moon to glow red.,0,0.0,0.0,0.0,1,0.0,0.0,0.15
272,Give your cats human names to make yourself sound like less of a loser. Coworker: What did you do last night? Me: Cuddled on the couch with Carol and Susan Coworker: 2 ladies? Atta boy! Me: Susan is a guy and Carol barfed on the blanket. Classic Carol Coworker:...?,1,1.0,0.24562293,2.6,0,1.0,0.0,0.0
273,"Apples, not caffeine, are more efficient at waking you up in the morning morning caffeine",1,0.0,0.0,0.0,1,0.0,0.0,0.0
274,Shout out to authentic Indian restaurants that encourage eating using only the hands. They don't give a fork.,1,1.0,0.31050143,2.21,0,1.0,0.43910035,0.4
275,The coast guard fined my girlfriend and I for having sex in the ocean. Apparently off-shore drilling is prohibited.,1,1.0,0.34156623,2.85,0,1.0,0.33377263,0.45
276,bell peppers r rich in vit. C & vit A. Bell peppers neutralize free radicals and are rich in antioxidants. health vitamins food diet,0,0.0,0.0,0.0,1,0.0,0.0,0.0
277,"Why is Islam called the religion of peace? After you leave the religion, you rest in peace.",1,1.0,0.37158373,1.79,0,1.0,1.7025003,2.6
278,"Eid Mubarak. I personally wanted to wish you all a blessed Eid. Nowadays, everyone is overwhelmed by the amount of impersonal messages. Most people just copy, paste and send to get the job done. Not me! Anyway I wish you all the best for 2013. Your brother, Abdul",0,0.0,0.0,0.0,1,0.0,0.0,0.0
279,What's the hardest part of washing a vegetable? putting them back in the wheelchair,1,1.0,0.30857027,2.6,0,1.0,0.74994195,3.7
280,"Whoever said: 'What you don't know, won't hurt you' was a complete and total moron. Because not knowing is the worst feeling in the world.",0,0.0,0.0,0.0,1,0.0,0.0,0.0
281,What do Ethiopians get for Christmas? Hungry christmas jokes,1,1.0,0.38294235,1.9,0,0.0,2.0557017,3.45
282,Cumin is very good for digestion. The smell of it activates our salivary glands in our mouth facilitating the primary digestion of the food,0,0.0,0.0,0.0,1,0.0,0.0,0.0
283,"I won't kill you with kindness, but I will mace you with charm.",1,1.0,0.19678846,2.12,1,0.0,0.0,0.0
284,Don't buy whitening toothpaste It says guaranteed whiteness in 14 days. 15 days have come and gone... and I am still asian.,1,1.0,0.35460317,2.35,0,1.0,2.383149,1.75
285,"If you're brave enough to criticize, you better be courageous enough to help",0,0.0,0.0,0.0,1,0.0,0.0,0.0
286,When you see someone's name trending what's the first thing you think?,0,0.0,0.0,0.0,1,0.0,0.0,0.0
287,"So we have to remember... sometimes, the most important history, is the history we're making TODAY.",0,0.0,0.0,0.0,1,0.0,0.0,0.0
288,What do black people and Batman have in common? Neither one of them get dadjokes,1,1.0,0.3393341,2.05,0,1.0,3.807472,3.6
289,My dad told me to make little things count? So now I'm teaching maths to dwarfs.,1,1.0,0.30007023,2.05,0,0.0,0.8963155,1.4
290,"Why does Germany have so many different kinds of bread? Well, we had to do something with the ovens.",1,1.0,0.3227402,1.68,0,0.0,0.3611862,2.9
291,Crap!!! Why is Dean always gettin beat to hell!!!!!! Supernatura I Baby,1,0.0,0.10335772,0.0,1,0.0,0.32921222,0.25
292,What do you call a 60-year old whose puberty just started? A late boomer.,1,1.0,0.35437036,2.3,0,0.0,1.0237983,0.2
293,What do rioting jewish people throw? Mazel tov cocktails,1,1.0,0.37276217,2.3,0,0.0,2.4329655,1.9
294,What did the Indian boy say to his mom before he left? Mumbai,1,1.0,0.36370277,2.2,0,0.0,1.8292252,0.35
295,As we look forward to season 13 plans- which Supernatural characters from the past would you like to see back the most &amp; why? SPN Family,0,0.0,0.0,0.0,1,0.0,0.0,0.0
296,"Bruce Jenner, substantiated proof... Women are worse drivers.",1,1.0,0.38066223,1.72,0,1.0,2.434169,2.35
297,"'And whenever you give your word, say the truth ' [6:152]",0,0.0,0.0,0.0,1,0.0,0.0,0.0
298,"I want to die peacefully in my sleep, like my grandfather.. Not screaming and yelling like the passengers in his car.",1,1.0,0.3638933,2.58,0,0.0,0.3983341,0.6
299,What do you call a lesbian that turned straight A hasbien,1,1.0,0.36783466,1.53,0,0.0,1.6644987,1.65
300,Did you know you are supposed to pull anal beads out slowly? I didn't... I started the wife up like a f*cking chainsaw.,1,1.0,0.40082338,2.79,0,1.0,1.6676704,2.1
301,What do you call a teacher that doesn't fart in public? A private tooter.,1,1.0,0.3127046,2.0,0,0.0,0.42237714,0.1
302,"I can hear the lesbian couple next door to me having sex every night. It's not easy, but if I turn the TV off and unplug the fridge, I can just about hear them.",1,1.0,0.38918215,1.58,0,0.0,1.6599565,1.35
303,I love when they drop the ball in Times Square. It's a nice reminder of what I did all year.,1,1.0,0.24626642,2.95,0,1.0,0.0,0.0
304,I jerk off roughly once a day. I try to be a little more loving and gentle the other 2-3.,1,1.0,0.3526641,2.74,0,1.0,1.1647679,1.0
305,Got asked by two Thai girls if I wanted a threesome. They said it would be like winning the lottery. To my horror they were right: we had six matching balls.,1,1.0,0.431277,2.9,0,1.0,2.3790402,2.8
306,My wife used to get so fat that she had to go to the hospital; then a person would fall out of her. That doesn't sound normal.,1,1.0,0.423448,2.32,0,1.0,1.5969373,1.35
307,"I was in the pub with the missus last night, and I said, ""I love you."" She said, "" Is that you or the beer talking?"" I replied, ""It's me, talking to the beer""...",1,1.0,0.30757642,2.7,0,1.0,0.18948263,0.15
308,I'm always Frank with my sexual partners. I don't want them to know my real name.,1,1.0,0.30390486,3.4,0,0.0,0.33242884,0.2
309,"I'm not an adult at all, just a tall child holding a beer having a conversation I don't understand.",1,1.0,0.27458075,2.89,0,1.0,0.0,0.0
310,Hello everyone! We are back after a unplanned haitus. Let us know some mental health topics that we should discuss in the near future. BMHN,0,0.0,0.0,0.0,1,0.0,0.0,0.0
311,How do Japanese people refer to American politicians? Parti-san,1,1.0,0.34772757,2.21,0,0.0,1.4012744,1.35
312,creating daily to-do lists could help you fight boredom and give you a sense of achievement and confidence lists,0,0.0,0.0,0.0,1,0.0,0.0,0.0
313,What do you call a caveman's fart? A blast from the past.,1,1.0,0.2832745,2.58,0,1.0,0.01648237,0.3
314,Texting while driving increases the chances of a crash or a near-crash by 23 times.,0,0.0,0.0,0.0,1,0.0,0.0,0.0
315,Frank Sinatra's publicist would audition and pay girls $5 to scream at his early performances to get the crowd excited.,0,0.0,0.0,0.0,1,0.0,0.0,0.15
316,if she's old enough to bleed she's old enough to have decisions about her healthcare be in the hands of old white men,0,0.0,0.04134759,0.0,1,0.0,1.6928844,1.5
317,"Girls, if you're gonna shave your eyebrows off just to draw them on again, at least make them interesting. How about drawing two umbrellas?",1,1.0,0.3558284,2.1,0,1.0,0.7505318,0.7
318,Pray for Paris ‚ù§Ô∏è,0,0.0,0.0,0.0,1,0.0,0.03148831,0.0
319,You already have something in common with every girl you see. The context you're in. Use that to start the conversation and her responses to keep it going.,0,0.0,0.0,0.0,1,0.0,0.0,0.0
320,If you look up the definition of responsibility in the dictionary it just shows a picture of an adult looking sad.,1,1.0,0.25408524,2.55,0,0.0,0.0,0.0
321,"""When life breaks down...when we break down, there are no signs, no hard and fast rules, we just have to feel our way through.""",0,0.0,0.0,0.0,1,0.0,0.0,0.0
322,"I tried telling a joke my friend from Baghdad told me. Unfortunately, Iraqed it.",1,1.0,0.36363807,1.55,0,0.0,1.0698836,0.7
323,*Follows proper washing instructions on 10% of the clothes I own* It feels good to be the most adult person on Earth.,1,1.0,0.26578268,1.87,0,0.0,0.0,0.0
324,"What do you call a little Mexican child? A paragraph, because he's too short to be an essay.",1,1.0,0.37137988,2.68,0,1.0,3.0449595,2.35
325,One day I'll cure deafness... You hear me!,1,1.0,0.2604096,2.15,0,0.0,0.96213776,0.55
326,Asiana Airlines will be filing a lawsuit against KTVU for its inappropriate and racist names that were falsely broadcasted mid day Friday 7/12... ....said Asiana's attorney Wi Su Yu,0,1.0,0.0,2.25,1,0.0,0.0,1.5
327,They say that milk is good for your teeth. You know what else is good for your teeth? Minding your own fucking business.,1,1.0,0.3317094,2.21,0,1.0,0.585154,1.45
328,me: [over intercom] what's the only job where it's okay to get high at work passengers: me: a pilot lol passengers: oh thank god me: anyway if you look to your left you should see a dragon,1,1.0,0.28283677,2.47,0,0.0,0.07962957,0.3
329,I just had a delightful FaceTime call with my grandma's forehead.,1,1.0,0.2995703,3.05,0,1.0,0.0,0.45
330,"Spicy foods promote good circulation. When you eat spicy food, your body's temperature is raised & your blood flow increase",0,0.0,0.0,0.0,1,0.0,0.0,0.0
331,Did you hear about the vegan transgender? He was a herbefore.,1,1.0,0.34128538,2.35,0,1.0,1.0160373,2.3
332,"transition can feel like 1 long, scary tunnel.. but you have to come out the other side, 'cause what's been waiting there might be glorious.",0,0.0,0.0,0.0,1,0.0,0.0,0.0
333,"Bob told his wife, ""I can't work for him anymore after what he said to me"". Wife: What did he say? Bob: You're fired",1,1.0,0.2859126,2.79,0,0.0,0.6721845,0.0
334,"I went to a cannibal wedding. The Groom toasted the bridesmaids, The best man toasted the Bride and Groom and the father of the Bride toasted absent friends..... It was a helluva barbecue.",1,1.0,0.40112412,2.6,0,1.0,1.6490542,0.85
335,"My wife walked in on an argument between our son and I. When he ran out of the room crying, I turned to the wife and said, ""I wish I'd used a condom now."" Horrified, she said, ""What? You wish our son had never been born?"" ""No"" I replied. ""I've got his girlfriend pregnant.""",1,1.0,0.3321817,2.22,0,1.0,0.5689911,2.05
336,"Sunflower seeds r anti-aging, rich in Vit E & selenium. Eat a handful a day to stave off wrinkles & improve skin elasticity young health",0,0.0,0.0,0.0,1,0.0,0.0,0.0
337,"I once played chess with an Egyptian King... ...I was distracted for a moment, and when I turned around he was blatantly attempting to cheat. I told him that that wasn't very pharaoh.",1,1.0,0.33697394,2.15,0,0.0,0.46652794,0.0
338,Ok. Who needs a hug? Anyone? I'm giving some away rn for free!,0,0.0,0.0,0.0,1,0.0,0.0,0.0
339,Why can't black people get their PhD? They can't get past their masters. rofl,1,1.0,0.3255463,1.85,0,0.0,3.3997884,4.15
340,"People who take frequent long, warm showers and baths tend to be lonelier, according to Yale University scientists.",0,0.0,0.0,0.0,1,0.0,0.0,0.0
341,How do you make a Chinese man no longer Asian? Just spin him around in circles until he's disoriented,1,1.0,0.38139263,2.3,0,0.0,3.2310965,2.05
342,I have received 88 text messages in the last hour....,1,0.0,0.25090575,0.0,0,0.0,0.0,0.15
343,"Chadwick Boseman was the first and only person considered for the role of T'Challa in ""Black Panther."" When Chadwick's name came up in a creative story meeting, Marvel immediately settled on him.",0,0.0,0.0,0.0,1,0.0,0.0,0.15
344,Wanna go somewhere that has FREE WINE?' Me: Heck yes! 'Done. Pick you up Sunday at 8am!' Me: What?! -how I got tricked into going to church,1,1.0,0.23931271,2.53,0,1.0,0.0,0.25
345,"In every gay relationship comes drama, insecurity, infidelity, uncertainty and heartbreaks. The ability to overcome these hurdles is the only secret to a successful, long-lasting relationship.",0,0.0,0.0,0.0,1,0.0,0.0,1.1
346,Thanks for being a part of the TREND y'all! LOV Eis,0,0.0,0.0,0.0,1,0.0,0.0,0.0
347,Funny that when a girl sleeps with a lot of guys she's considered a slut ... but when I do it I'm gay.,1,1.0,0.40519956,3.0,0,1.0,1.811721,1.55
348,"""Don't overthink, just let it go."" - Live While We're Young.",0,0.0,0.0,0.0,1,0.0,0.0,0.0
349,"Being in love makes you a less productive person, according to researchers from the University of Maryland.",0,0.0,0.0,0.0,1,0.0,0.0,0.0
350,"In Norway, it takes three years of higher education to become a police officer. Graduates are awarded a Bachelor's degree in Police Studies.",0,0.0,0.0,0.0,1,0.0,0.0,0.0
351,"""I let you push me past the breaking point."" - Katy Perry.",0,0.0,0.0,0.0,1,0.0,0.0,0.0
352,My wife left me because she said I made a meal out of everything. I intend to make her eat those words.,1,1.0,0.34435242,2.65,0,1.0,0.32351628,0.15
353,[fridge shopping] Salesmen: What type of fridge are you looking for? Me: Do you have something in stainless steel that does a good job hiding rotting vegetables?,1,1.0,0.29001936,2.1,0,0.0,0.16971627,0.0
354,What's the difference between MLK day and St Patrick's day? Nobody minds being Irish for one day!!!!,1,1.0,0.37446368,1.58,0,1.0,1.8116902,2.5
355,Why didn't the mobsters car parts fit? ...they all fell off a truck.,1,1.0,0.3586269,1.45,0,0.0,0.8871705,0.35
356,vitamin B6 help brain function & converts protein to energy. Vit B6 foods potato bananas beans red meat fish eggs spinach & fortified cereal,0,0.0,0.0,0.0,1,0.0,0.0,0.0
357,Luckily I never started vaping because there were many conclusive studies stating I would never look cool doing it.,1,1.0,0.31811887,1.88,0,0.0,0.036082227,0.05
358,Stop tolerating unacceptable behavior. No girl wants to date a doormat.,0,0.0,0.0,0.0,1,0.0,0.0,0.2
359,Did you hear about the guy who dipped his balls in glitter? Pretty nuts,1,1.0,0.3035719,3.0,0,1.0,0.4371551,0.6
360,I drink water throughout the day to stay hydrated and also just in case someone says something shocking so I can spit it out.,1,1.0,0.33634308,2.35,0,1.0,0.0,0.0
361,What's green and not heavy? Light green h,1,1.0,0.18844968,1.95,0,1.0,0.52470016,0.0
362,Why are there no transvestites in space? Because there is zero drag.,1,1.0,0.37381247,2.47,0,0.0,1.4828175,1.65
363,Speak the truth even if it be against yourself,0,0.0,0.0,0.0,1,0.0,0.0,0.0
364,"How do you know a chinese thief has broken into your house? All of your rice is gone, your computer is fixed, and the mother fucker is still trying to back out of the driveway.",1,1.0,0.3665833,2.45,0,1.0,3.626722,3.7
365,A Roman Emperor orders his guards to arrest his wife. He orders them to Ceas'er.,1,1.0,0.32558244,2.7,0,1.0,0.2791259,0.0
366,Enjoy your weekend! We are going to tweet some thought provoking quotes from the twittersphere...,0,0.0,0.0,0.0,1,0.0,0.0,0.0
367,Mix buttermilk and salt into paste. they r effective in eliminating large pores. repeat few times a week. pores skin,0,0.0,0.0,0.0,1,0.0,0.0,0.0
368,"My girlfriend just said, ""Your obsession with cats is out of control, so I've packed your bags."" I think she's kicking meeeowt.",1,1.0,0.31948894,3.2,0,1.0,0.13057962,0.0
369,How many Americans does it take to screw a lightbulb? None. Their President outsources the job to India.,1,1.0,0.34027836,2.85,0,1.0,1.4985955,1.0
370,I threw an Asian man down a flight of stairs. It was Wong on so many levels.,1,1.0,0.41277868,2.35,0,1.0,2.2060604,3.2
371,"As a Tennessean, it makes me sick that there are monuments standing in our state that celebrate racist historical figures who did evil things. Edward Carmack and Nathan Bedford Forrest were DESPICABLE figures in our state history and should be treated as such.",0,0.0,0.0,0.0,1,0.0,0.0,0.4
372,Did you hear about the guy that was half Black and half Japanese ... ... every December 7th he would attack Pearl Bailey.,1,1.0,0.37370273,1.45,0,0.0,2.2406723,3.15
373,What is the most effective way to quit being vegan? Cold turkey.,1,1.0,0.29778367,2.7,0,0.0,0.33313972,0.2
374,Imagine how lame drag and Drag Race would be without the contributions of trans performers.,1,0.0,0.11157969,0.0,1,0.0,1.4426123,0.4
375,Today's National Bagel Day! What's your favorite type of bagel? ¬•¬Ø,0,0.0,0.0,0.0,1,0.0,0.0,0.0
376,What do you call black men working while white men watch? The NBA,1,1.0,0.36940855,2.45,0,1.0,3.361363,2.65
377,All she wants is attention. How hard is it to give it to her?,0,0.0,0.0,0.0,1,0.0,0.0,0.2
378,I thought I had hypochondria... ...turned out it was all in my head.,1,1.0,0.28347245,2.0,0,0.0,0.05090907,0.45
379,How do you blindfold an Asian person? You put floss over his eyes.,1,1.0,0.34911352,2.0,0,1.0,2.9769986,3.75
380,"""This report is a call for action to address a large public health problem [suicide] which has been shrouded in taboo"" --Dr. Margaret Chan",0,0.0,0.0,0.0,1,0.0,0.0,0.0
381,If she's not ruining your life.....She's just not that into you.,0,1.0,0.0,2.2,1,1.0,0.0,1.0
382,I thought my dad spent all his savings on an expensive wig. But one look and I realised it was a small price toupee.,1,1.0,0.30814543,2.58,0,1.0,0.032444593,0.0
383,Wife: Do that sexy thing I like Me: *pays for dinner with a coupon and saves money*,1,1.0,0.26684505,2.65,0,1.0,0.10961151,0.05
384,"My friend went bald years ago, but still carries his old comb with him. He just can't part with it.",1,1.0,0.30739817,2.56,0,1.0,0.14387016,0.0
385,"professor: osmium is the densest material on earth, 22 grams in 1 cubic centimeter me: so you're saying- professor: [nodding] thicc as fuck",1,1.0,0.2996411,1.56,0,1.0,0.07782296,0.35
386,ME AFTER 2 GLASSES OF WINE: This beautiful life is meant to be enjoyed! Let us feast and make merry! ME AFTER 4 GLASSES OF WINE: I have 938 worst enemies and I will now name them all.,1,1.0,0.27332908,1.94,0,1.0,0.0,0.0
387,Regret does nothing but slow you down. Learn and move forward.,0,0.0,0.0,0.0,1,0.0,0.0,0.0
388,"""City-dwelling mothers who developed postpartum were members of immigrant populations, which typically have weaker social support networks.""",0,0.0,0.0,0.0,1,0.0,0.0,0.15
389,Everyone retweet this video and I‚Äôll send you a love letter DM.,0,0.0,0.0,0.0,1,0.0,0.0,0.0
390,What's the difference between a stripper and a hooker? Usually about $40,1,1.0,0.3577272,2.45,0,1.0,1.7417312,1.95
391,"At the Olympics I saw a man carrying a long sick and I asked, ""Are you a pole vaulter?"" He said ""No. I am German but how did you know my name was Walter?""",1,1.0,0.3290117,2.4,0,1.0,0.88698095,0.05
392,"My mom used to feed my brother and I by saying 'here comes the train', and we always used to eat it right away...otherwise she wouldn't untie us from the tracks",1,1.0,0.29344094,2.72,0,1.0,0.046145592,0.0
393,"It's pretty hypocritical that the word 'repetitive' has three e's, two t's, and two i's in it.",1,1.0,0.2655231,2.06,0,1.0,0.07479266,0.0
394,"Don't ever break a women's heart, they've only got one. Break their fucking bones they've got over 200 of those.",1,1.0,0.15647984,1.63,0,0.0,1.2985786,3.6
395,COP: You carrying any dangerous weapons? *I glance down at my hands which are naturally resting in the karate chop position* ME: [lying] No.,1,1.0,0.2788496,2.16,0,1.0,0.0010172379,0.0
396,My wife has this weird OCD where she arranges the dinner plates by the year they were bought. It's an extremely rare dish order.,1,1.0,0.30575597,2.26,0,0.0,0.0,0.15
397,"I got chatting to a black chick in the pub last night and she asked if I fancied taking her home. ""Fuck off"" I told her "" I'm not driving to Africa at this time of night"".",1,1.0,0.3951697,1.65,0,1.0,2.9470973,3.8
398,I like to say 'toodles' when I leave work so my coworkers know the workplace alpha male has just left.,1,1.0,0.3299052,2.68,0,1.0,0.30921414,0.4
399,"For the past few days, I wake up to see someone has dumped a bunch of LEGO blocks on my front porch. I don't know what to make of it.",1,1.0,0.30924836,2.71,0,1.0,0.0,0.0
